Order ID,Waiters ID
1,200003
2,200011
3,200012
4,200010
5,200022
6,200009
7,200026
8,200017
9,200014
10,200028
11,200013
12,200011
13,200002
14,200013
15,200021
16,200024
17,200028
18,200028
19,200024
20,200006
21,200016
22,200012
23,200009
24,200017
25,200003
26,200007
27,200022
28,200019
29,200020
30,200007
31,200018
32,200026
33,200015
34,200014
35,200025
36,200009
37,200016
38,200028
39,200007
40,200027
41,200006
42,200011
43,200012
44,200008
45,200024
46,200016
47,200015
48,200003
49,200012
50,200006
51,200019
52,200014
53,200008
54,200019
55,200017
56,200023
57,200012
58,200007
59,200023
60,200003
61,200023
62,200013
63,200026
64,200017
65,200007
66,200021
67,200026
68,200028
69,200019
70,200014
71,200008
72,200018
73,200006
74,200020
75,200016
76,200021
77,200025
78,200016
79,200025
80,200005
81,200006
82,200020
83,200023
84,200005
85,200001
86,200006
87,200006
88,200020
89,200008
90,200006
91,200001
92,200019
93,200020
94,200001
95,200004
96,200021
97,200016
98,200027
99,200024
100,200002
101,200027
102,200020
103,200002
104,200003
105,200021
106,200020
107,200006
108,200004
109,200023
110,200017
111,200017
112,200016
113,200021
114,200019
115,200001
116,200005
117,200007
118,200018
119,200025
120,200026
121,200016
122,200009
123,200007
124,200021
125,200019
126,200015
127,200001
128,200011
129,200014
130,200007
131,200002
132,200002
133,200013
134,200009
135,200009
136,200025
137,200006
138,200004
139,200012
140,200022
141,200016
142,200015
143,200013
144,200012
145,200014
146,200010
147,200019
148,200007
149,200021
150,200012
151,200019
152,200017
153,200009
154,200009
155,200001
156,200021
157,200008
158,200017
159,200012
160,200003
161,200006
162,200022
163,200017
164,200021
165,200027
166,200019
167,200015
168,200020
169,200009
170,200017
171,200005
172,200027
173,200005
174,200016
175,200006
176,200006
177,200026
178,200002
179,200020
180,200007
181,200003
182,200019
183,200012
184,200028
185,200013
186,200017
187,200014
188,200019
189,200001
190,200013
191,200003
192,200009
193,200023
194,200004
195,200026
196,200013
197,200006
198,200014
199,200021
200,200005
201,200015
202,200027
203,200015
204,200024
205,200016
206,200017
207,200017
208,200019
209,200004
210,200024
211,200008
212,200005
213,200007
214,200008
215,200017
216,200003
217,200004
218,200009
219,200016
220,200010
221,200007
222,200024
223,200005
224,200028
225,200014
226,200009
227,200027
228,200020
229,200007
230,200013
231,200026
232,200026
233,200007
234,200017
235,200026
236,200017
237,200007
238,200002
239,200024
240,200019
241,200010
242,200026
243,200007
244,200001
245,200020
246,200027
247,200024
248,200017
249,200009
250,200017
251,200013
252,200011
253,200010
254,200024
255,200013
256,200022
257,200005
258,200022
259,200017
260,200011
261,200021
262,200022
263,200016
264,200023
265,200009
266,200018
267,200015
268,200007
269,200027
270,200011
271,200025
272,200023
273,200007
274,200020
275,200021
276,200011
277,200028
278,200017
279,200011
280,200011
281,200008
282,200018
283,200019
284,200016
285,200004
286,200021
287,200010
288,200024
289,200023
290,200006
291,200006
292,200027
293,200013
294,200024
295,200016
296,200021
297,200009
298,200025
299,200010
300,200020
301,200017
302,200024
303,200004
304,200006
305,200010
306,200004
307,200016
308,200004
309,200007
310,200018
311,200027
312,200026
313,200008
314,200018
315,200008
316,200017
317,200012
318,200011
319,200004
320,200006
321,200006
322,200018
323,200006
324,200012
325,200020
326,200027
327,200024
328,200007
329,200021
330,200015
331,200019
332,200010
333,200004
334,200008
335,200020
336,200016
337,200003
338,200018
339,200010
340,200006
341,200020
342,200004
343,200003
344,200003
345,200005
346,200014
347,200003
348,200001
349,200020
350,200026
351,200007
352,200026
353,200016
354,200020
355,200028
356,200006
357,200005
358,200005
359,200003
360,200005
361,200020
362,200024
363,200028
364,200016
365,200007
366,200016
367,200012
368,200015
369,200004
370,200008
371,200018
372,200027
373,200013
374,200021
375,200010
376,200028
377,200017
378,200021
379,200022
380,200017
381,200017
382,200017
383,200005
384,200009
385,200017
386,200024
387,200006
388,200018
389,200004
390,200026
391,200005
392,200017
393,200003
394,200017
395,200003
396,200018
397,200022
398,200021
399,200001
400,200018
401,200020
402,200023
403,200007
404,200020
405,200017
406,200007
407,200028
408,200016
409,200025
410,200020
411,200014
412,200025
413,200023
414,200013
415,200006
416,200021
417,200027
418,200012
419,200009
420,200018
421,200028
422,200012
423,200001
424,200016
425,200021
426,200002
427,200007
428,200012
429,200024
430,200013
431,200022
432,200007
433,200010
434,200017
435,200003
436,200013
437,200017
438,200017
439,200019
440,200017
441,200007
442,200023
443,200023
444,200004
445,200011
446,200027
447,200011
448,200022
449,200006
450,200028
451,200013
452,200015
453,200004
454,200024
455,200018
456,200027
457,200027
458,200012
459,200003
460,200008
461,200016
462,200013
463,200005
464,200006
465,200022
466,200006
467,200009
468,200028
469,200016
470,200005
471,200019
472,200015
473,200028
474,200016
475,200023
476,200026
477,200016
478,200001
479,200024
480,200014
481,200005
482,200021
483,200020
484,200020
485,200004
486,200021
487,200027
488,200021
489,200015
490,200009
491,200002
492,200011
493,200018
494,200002
495,200008
496,200022
497,200027
498,200012
499,200014
500,200001
501,200019
502,200022
503,200003
504,200027
505,200015
506,200009
507,200010
508,200023
509,200017
510,200020
511,200019
512,200019
513,200022
514,200014
515,200018
516,200027
517,200015
518,200008
519,200026
520,200024
521,200008
522,200017
523,200001
524,200006
525,200024
526,200018
527,200019
528,200006
529,200014
530,200013
531,200014
532,200024
533,200003
534,200003
535,200001
536,200025
537,200022
538,200014
539,200007
540,200013
541,200002
542,200017
543,200020
544,200026
545,200011
546,200023
547,200009
548,200018
549,200005
550,200012
551,200002
552,200001
553,200016
554,200019
555,200001
556,200020
557,200010
558,200023
559,200002
560,200004
561,200012
562,200026
563,200003
564,200020
565,200012
566,200012
567,200005
568,200024
569,200004
570,200003
571,200022
572,200018
573,200014
574,200011
575,200008
576,200025
577,200018
578,200004
579,200006
580,200022
581,200006
582,200022
583,200024
584,200023
585,200002
586,200009
587,200008
588,200026
589,200013
590,200012
591,200005
592,200006
593,200023
594,200014
595,200003
596,200024
597,200024
598,200022
599,200003
600,200024
601,200014
602,200004
603,200013
604,200006
605,200015
606,200003
607,200015
608,200001
609,200024
610,200024
611,200012
612,200012
613,200011
614,200006
615,200005
616,200008
617,200007
618,200023
619,200023
620,200018
621,200008
622,200007
623,200004
624,200016
625,200001
626,200017
627,200009
628,200026
629,200009
630,200026
631,200006
632,200001
633,200014
634,200002
635,200013
636,200011
637,200006
638,200010
639,200026
640,200004
641,200006
642,200008
643,200004
644,200001
645,200025
646,200016
647,200025
648,200002
649,200005
650,200001
651,200022
652,200027
653,200004
654,200003
655,200003
656,200006
657,200016
658,200009
659,200020
660,200009
661,200016
662,200025
663,200003
664,200002
665,200023
666,200006
667,200004
668,200012
669,200002
670,200020
671,200011
672,200002
673,200002
674,200018
675,200025
676,200024
677,200022
678,200010
679,200002
680,200015
681,200010
682,200002
683,200006
684,200001
685,200022
686,200020
687,200016
688,200019
689,200013
690,200004
691,200009
692,200016
693,200016
694,200021
695,200003
696,200012
697,200006
698,200003
699,200018
700,200028
701,200006
702,200018
703,200015
704,200008
705,200027
706,200006
707,200022
708,200017
709,200022
710,200024
711,200011
712,200004
713,200017
714,200009
715,200018
716,200023
717,200009
718,200019
719,200009
720,200018
721,200025
722,200008
723,200003
724,200014
725,200021
726,200013
727,200028
728,200013
729,200016
730,200016
731,200012
732,200005
733,200019
734,200009
735,200008
736,200020
737,200012
738,200007
739,200009
740,200022
741,200007
742,200011
743,200017
744,200028
745,200002
746,200013
747,200002
748,200023
749,200001
750,200018
751,200022
752,200009
753,200028
754,200006
755,200012
756,200003
757,200013
758,200010
759,200015
760,200025
761,200018
762,200015
763,200002
764,200005
765,200011
766,200004
767,200019
768,200007
769,200004
770,200022
771,200024
772,200004
773,200014
774,200025
775,200023
776,200007
777,200027
778,200014
779,200011
780,200014
781,200015
782,200018
783,200005
784,200027
785,200011
786,200017
787,200011
788,200026
789,200019
790,200024
791,200003
792,200011
793,200010
794,200018
795,200016
796,200007
797,200015
798,200026
799,200023
800,200013
801,200011
802,200027
803,200020
804,200024
805,200007
806,200007
807,200005
808,200022
809,200008
810,200022
811,200009
812,200002
813,200003
814,200007
815,200001
816,200027
817,200021
818,200012
819,200015
820,200026
821,200028
822,200024
823,200001
824,200020
825,200017
826,200012
827,200028
828,200004
829,200027
830,200028
831,200025
832,200021
833,200025
834,200007
835,200019
836,200021
837,200021
838,200010
839,200006
840,200010
841,200028
842,200002
843,200011
844,200015
845,200009
846,200027
847,200007
848,200014
849,200017
850,200013
851,200014
852,200019
853,200007
854,200003
855,200026
856,200025
857,200005
858,200018
859,200022
860,200020
861,200020
862,200025
863,200010
864,200014
865,200007
866,200022
867,200022
868,200006
869,200010
870,200014
871,200017
872,200016
873,200021
874,200023
875,200014
876,200006
877,200003
878,200018
879,200017
880,200027
881,200010
882,200023
883,200010
884,200019
885,200019
886,200016
887,200021
888,200015
889,200019
890,200010
891,200017
892,200027
893,200006
894,200026
895,200020
896,200005
897,200012
898,200006
899,200006
900,200002
901,200017
902,200001
903,200014
904,200010
905,200016
906,200023
907,200014
908,200016
909,200026
910,200016
911,200007
912,200020
913,200013
914,200025
915,200018
916,200011
917,200009
918,200028
919,200006
920,200001
921,200013
922,200010
923,200016
924,200023
925,200024
926,200016
927,200013
928,200015
929,200013
930,200021
931,200028
932,200018
933,200028
934,200018
935,200010
936,200003
937,200003
938,200016
939,200027
940,200011
941,200009
942,200006
943,200014
944,200013
945,200003
946,200028
947,200002
948,200022
949,200028
950,200016
951,200015
952,200014
953,200015
954,200009
955,200008
956,200028
957,200007
958,200008
959,200004
960,200010
961,200022
962,200010
963,200009
964,200015
965,200028
966,200014
967,200003
968,200014
969,200021
970,200015
971,200015
972,200009
973,200025
974,200027
975,200011
976,200016
977,200019
978,200002
979,200018
980,200005
981,200020
982,200008
983,200002
984,200002
985,200020
986,200015
987,200007
988,200010
989,200026
990,200011
991,200025
992,200006
993,200012
994,200005
995,200007
996,200016
997,200018
998,200027
999,200009
1000,200016
1001,200021
1002,200018
1003,200015
1004,200002
1005,200024
1006,200001
1007,200020
1008,200027
1009,200019
1010,200005
1011,200012
1012,200016
1013,200016
1014,200013
1015,200013
1016,200010
1017,200015
1018,200009
1019,200011
1020,200006
1021,200019
1022,200011
1023,200019
1024,200018
1025,200002
1026,200017
1027,200009
1028,200021
1029,200011
1030,200013
1031,200013
1032,200028
1033,200026
1034,200014
1035,200021
1036,200012
1037,200019
1038,200028
1039,200005
1040,200007
1041,200015
1042,200003
1043,200002
1044,200019
1045,200023
1046,200002
1047,200022
1048,200024
1049,200009
1050,200023
1051,200003
1052,200005
1053,200008
1054,200019
1055,200025
1056,200003
1057,200018
1058,200018
1059,200014
1060,200010
1061,200009
1062,200008
1063,200008
1064,200008
1065,200022
1066,200013
1067,200008
1068,200021
1069,200023
1070,200002
1071,200028
1072,200013
1073,200008
1074,200010
1075,200008
1076,200017
1077,200024
1078,200028
1079,200014
1080,200011
1081,200010
1082,200008
1083,200015
1084,200023
1085,200006
1086,200014
1087,200027
1088,200021
1089,200018
1090,200005
1091,200016
1092,200022
1093,200023
1094,200015
1095,200019
1096,200014
1097,200024
1098,200014
1099,200011
1100,200003
1101,200018
1102,200003
1103,200011
1104,200010
1105,200009
1106,200023
1107,200021
1108,200019
1109,200004
1110,200010
1111,200024
1112,200017
1113,200019
1114,200003
1115,200019
1116,200006
1117,200004
1118,200012
1119,200011
1120,200003
1121,200024
1122,200026
1123,200005
1124,200006
1125,200010
1126,200014
1127,200003
1128,200021
1129,200027
1130,200015
1131,200028
1132,200001
1133,200024
1134,200004
1135,200011
1136,200013
1137,200007
1138,200027
1139,200019
1140,200015
1141,200019
1142,200003
1143,200008
1144,200001
1145,200004
1146,200028
1147,200024
1148,200016
1149,200020
1150,200004
1151,200003
1152,200020
1153,200014
1154,200025
1155,200025
1156,200013
1157,200003
1158,200025
1159,200008
1160,200020
1161,200023
1162,200012
1163,200004
1164,200013
1165,200016
1166,200027
1167,200012
1168,200007
1169,200011
1170,200018
1171,200015
1172,200008
1173,200011
1174,200009
1175,200019
1176,200015
1177,200014
1178,200004
1179,200026
1180,200019
1181,200011
1182,200022
1183,200003
1184,200023
1185,200027
1186,200008
1187,200024
1188,200006
1189,200025
1190,200027
1191,200024
1192,200028
1193,200027
1194,200022
1195,200028
1196,200016
1197,200004
1198,200027
1199,200009
1200,200003
1201,200028
1202,200011
1203,200016
1204,200016
1205,200005
1206,200024
1207,200001
1208,200022
1209,200007
1210,200018
1211,200020
1212,200003
1213,200004
1214,200006
1215,200021
1216,200004
1217,200016
1218,200010
1219,200024
1220,200018
1221,200017
1222,200002
1223,200014
1224,200020
1225,200008
1226,200008
1227,200011
1228,200022
1229,200014
1230,200017
1231,200002
1232,200020
1233,200018
1234,200009
1235,200010
1236,200001
1237,200020
1238,200020
1239,200022
1240,200008
1241,200023
1242,200009
1243,200007
1244,200006
1245,200026
1246,200007
1247,200020
1248,200023
1249,200004
1250,200026
1251,200014
1252,200012
1253,200002
1254,200005
1255,200024
1256,200004
1257,200010
1258,200012
1259,200006
1260,200015
1261,200020
1262,200016
1263,200003
1264,200022
1265,200023
1266,200023
1267,200017
1268,200008
1269,200018
1270,200020
1271,200016
1272,200004
1273,200009
1274,200011
1275,200026
1276,200005
1277,200024
1278,200015
1279,200020
1280,200018
1281,200016
1282,200027
1283,200028
1284,200006
1285,200018
1286,200002
1287,200008
1288,200011
1289,200016
1290,200013
1291,200004
1292,200004
1293,200017
1294,200011
1295,200010
1296,200008
1297,200028
1298,200007
1299,200021
1300,200007
1301,200027
1302,200006
1303,200012
1304,200014
1305,200017
1306,200007
1307,200006
1308,200019
1309,200013
1310,200020
1311,200020
1312,200006
1313,200008
1314,200004
1315,200015
1316,200008
1317,200009
1318,200027
1319,200001
1320,200024
1321,200016
1322,200014
1323,200011
1324,200007
1325,200018
1326,200021
1327,200025
1328,200002
1329,200008
1330,200023
1331,200028
1332,200014
1333,200017
1334,200006
1335,200023
1336,200008
1337,200016
1338,200005
1339,200028
1340,200020
1341,200024
1342,200009
1343,200021
1344,200003
1345,200015
1346,200005
1347,200020
1348,200015
1349,200012
1350,200024
1351,200019
1352,200015
1353,200007
1354,200015
1355,200005
1356,200020
1357,200017
1358,200016
1359,200006
1360,200001
1361,200014
1362,200018
1363,200008
1364,200013
1365,200018
1366,200002
1367,200014
1368,200018
1369,200005
1370,200015
1371,200001
1372,200004
1373,200025
1374,200011
1375,200015
1376,200028
1377,200021
1378,200003
1379,200005
1380,200020
1381,200010
1382,200011
1383,200010
1384,200008
1385,200020
1386,200025
1387,200022
1388,200025
1389,200027
1390,200022
1391,200001
1392,200017
1393,200006
1394,200016
1395,200024
1396,200017
1397,200002
1398,200026
1399,200016
1400,200023
1401,200020
1402,200014
1403,200019
1404,200022
1405,200008
1406,200024
1407,200013
1408,200012
1409,200010
1410,200008
1411,200003
1412,200015
1413,200002
1414,200028
1415,200014
1416,200021
1417,200021
1418,200003
1419,200012
1420,200027
1421,200017
1422,200003
1423,200017
1424,200022
1425,200007
1426,200004
1427,200013
1428,200016
1429,200019
1430,200020
1431,200005
1432,200017
1433,200016
1434,200009
1435,200019
1436,200028
1437,200023
1438,200002
1439,200006
1440,200021
1441,200016
1442,200008
1443,200005
1444,200001
1445,200004
1446,200005
1447,200012
1448,200017
1449,200006
1450,200006
1451,200023
1452,200025
1453,200016
1454,200011
1455,200028
1456,200018
1457,200026
1458,200010
1459,200009
1460,200008
1461,200003
1462,200002
1463,200002
1464,200010
1465,200013
1466,200007
1467,200022
1468,200008
1469,200013
1470,200024
1471,200026
1472,200003
1473,200027
1474,200011
1475,200004
1476,200015
1477,200013
1478,200021
1479,200005
1480,200022
1481,200026
1482,200019
1483,200017
1484,200017
1485,200011
1486,200003
1487,200022
1488,200020
1489,200013
1490,200011
1491,200012
1492,200016
1493,200003
1494,200004
1495,200025
1496,200020
1497,200027
1498,200004
1499,200001
1500,200009
1501,200006
1502,200009
1503,200003
1504,200003
1505,200023
1506,200015
1507,200009
1508,200024
1509,200016
1510,200019
1511,200010
1512,200024
1513,200001
1514,200014
1515,200014
1516,200002
1517,200023
1518,200004
1519,200001
1520,200023
1521,200025
1522,200012
1523,200007
1524,200024
1525,200006
1526,200017
1527,200022
1528,200004
1529,200028
1530,200025
1531,200019
1532,200002
1533,200022
1534,200011
1535,200010
1536,200024
1537,200022
1538,200001
1539,200028
1540,200017
1541,200028
1542,200003
1543,200019
1544,200006
1545,200025
1546,200024
1547,200019
1548,200023
1549,200013
1550,200021
1551,200027
1552,200021
1553,200027
1554,200013
1555,200028
1556,200006
1557,200006
1558,200022
1559,200002
1560,200021
1561,200002
1562,200028
1563,200010
1564,200014
1565,200011
1566,200026
1567,200010
1568,200010
1569,200010
1570,200009
1571,200003
1572,200023
1573,200020
1574,200015
1575,200010
1576,200010
1577,200011
1578,200028
1579,200013
1580,200025
1581,200004
1582,200012
1583,200021
1584,200027
1585,200026
1586,200021
1587,200018
1588,200025
1589,200026
1590,200014
1591,200019
1592,200016
1593,200002
1594,200015
1595,200028
1596,200006
1597,200002
1598,200014
1599,200016
1600,200018
1601,200010
1602,200008
1603,200010
1604,200024
1605,200012
1606,200007
1607,200019
1608,200025
1609,200025
1610,200022
1611,200028
1612,200018
1613,200014
1614,200020
1615,200016
1616,200018
1617,200014
1618,200018
1619,200006
1620,200025
1621,200022
1622,200001
1623,200001
1624,200027
1625,200017
1626,200005
1627,200012
1628,200017
1629,200012
1630,200023
1631,200022
1632,200014
1633,200008
1634,200018
1635,200028
1636,200009
1637,200024
1638,200017
1639,200003
1640,200002
1641,200020
1642,200006
1643,200023
1644,200016
1645,200011
1646,200022
1647,200028
1648,200003
1649,200011
1650,200022
1651,200014
1652,200028
1653,200013
1654,200011
1655,200015
1656,200006
1657,200011
1658,200014
1659,200010
1660,200016
1661,200002
1662,200011
1663,200009
1664,200027
1665,200022
1666,200008
1667,200026
1668,200006
1669,200026
1670,200019
1671,200015
1672,200027
1673,200024
1674,200027
1675,200019
1676,200027
1677,200003
1678,200010
1679,200022
1680,200007
1681,200025
1682,200008
1683,200016
1684,200026
1685,200027
1686,200022
1687,200012
1688,200018
1689,200022
1690,200007
1691,200017
1692,200021
1693,200002
1694,200012
1695,200022
1696,200012
1697,200024
1698,200014
1699,200002
1700,200022
1701,200009
1702,200003
1703,200020
1704,200021
1705,200026
1706,200021
1707,200017
1708,200014
1709,200025
1710,200026
1711,200021
1712,200007
1713,200022
1714,200028
1715,200013
1716,200002
1717,200002
1718,200013
1719,200001
1720,200019
1721,200023
1722,200006
1723,200007
1724,200021
1725,200024
1726,200028
1727,200025
1728,200002
1729,200005
1730,200021
1731,200009
1732,200013
1733,200028
1734,200001
1735,200024
1736,200005
1737,200009
1738,200007
1739,200014
1740,200010
1741,200012
1742,200009
1743,200027
1744,200025
1745,200006
1746,200014
1747,200017
1748,200022
1749,200024
1750,200009
1751,200011
1752,200013
1753,200020
1754,200023
1755,200011
1756,200022
1757,200011
1758,200008
1759,200003
1760,200028
1761,200027
1762,200025
1763,200023
1764,200008
1765,200028
1766,200025
1767,200019
1768,200026
1769,200022
1770,200019
1771,200010
1772,200027
1773,200011
1774,200005
1775,200015
1776,200014
1777,200021
1778,200028
1779,200014
1780,200024
1781,200019
1782,200007
1783,200021
1784,200003
1785,200004
1786,200024
1787,200014
1788,200022
1789,200003
1790,200022
1791,200024
1792,200005
1793,200017
1794,200022
1795,200027
1796,200010
1797,200012
1798,200003
1799,200020
1800,200027
1801,200012
1802,200010
1803,200007
1804,200008
1805,200006
1806,200013
1807,200005
1808,200002
1809,200023
1810,200017
1811,200008
1812,200025
1813,200008
1814,200010
1815,200026
1816,200020
1817,200001
1818,200027
1819,200022
1820,200021
1821,200004
1822,200024
1823,200009
1824,200019
1825,200010
1826,200010
1827,200002
1828,200020
1829,200025
1830,200006
1831,200027
1832,200006
1833,200025
1834,200015
1835,200020
1836,200024
1837,200028
1838,200019
1839,200013
1840,200002
1841,200020
1842,200011
1843,200018
1844,200014
1845,200001
1846,200025
1847,200005
1848,200023
1849,200018
1850,200017
1851,200015
1852,200011
1853,200022
1854,200001
1855,200008
1856,200017
1857,200018
1858,200016
1859,200006
1860,200024
1861,200025
1862,200014
1863,200023
1864,200001
1865,200014
1866,200028
1867,200006
1868,200020
1869,200006
1870,200024
1871,200018
1872,200002
1873,200009
1874,200004
1875,200001
1876,200027
1877,200014
1878,200009
1879,200023
1880,200026
1881,200017
1882,200015
1883,200001
1884,200003
1885,200010
1886,200002
1887,200023
1888,200022
1889,200028
1890,200020
1891,200006
1892,200019
1893,200017
1894,200026
1895,200028
1896,200015
1897,200024
1898,200003
1899,200018
1900,200021
1901,200026
1902,200008
1903,200006
1904,200018
1905,200005
1906,200005
1907,200017
1908,200024
1909,200015
1910,200021
1911,200005
1912,200008
1913,200001
1914,200003
1915,200023
1916,200004
1917,200026
1918,200024
1919,200012
1920,200004
1921,200021
1922,200012
1923,200022
1924,200022
1925,200010
1926,200028
1927,200005
1928,200012
1929,200012
1930,200011
1931,200005
1932,200018
1933,200019
1934,200018
1935,200007
1936,200001
1937,200028
1938,200021
1939,200026
1940,200022
1941,200020
1942,200006
1943,200015
1944,200018
1945,200026
1946,200015
1947,200013
1948,200025
1949,200007
1950,200023
1951,200003
1952,200003
1953,200021
1954,200027
1955,200006
1956,200015
1957,200007
1958,200022
1959,200011
1960,200022
1961,200005
1962,200009
1963,200008
1964,200020
1965,200008
1966,200005
1967,200011
1968,200003
1969,200020
1970,200005
1971,200015
1972,200022
1973,200014
1974,200010
1975,200021
1976,200006
1977,200016
1978,200016
1979,200026
1980,200020
1981,200023
1982,200003
1983,200020
1984,200021
1985,200004
1986,200019
1987,200009
1988,200018
1989,200010
1990,200010
1991,200021
1992,200004
1993,200017
1994,200027
1995,200008
1996,200005
1997,200027
1998,200019
1999,200012
2000,200024
2001,200009
2002,200014
2003,200003
2004,200004
2005,200022
2006,200009
2007,200025
2008,200003
2009,200002
2010,200027
2011,200021
2012,200008
2013,200028
2014,200015
2015,200007
2016,200007
2017,200003
2018,200008
2019,200021
2020,200012
2021,200003
2022,200020
2023,200025
2024,200025
2025,200011
2026,200011
2027,200011
2028,200020
2029,200004
2030,200024
2031,200002
2032,200014
2033,200003
2034,200002
2035,200014
2036,200014
2037,200026
2038,200026
2039,200024
2040,200020
2041,200008
2042,200012
2043,200026
2044,200020
2045,200008
2046,200018
2047,200017
2048,200014
2049,200009
2050,200015
2051,200017
2052,200025
2053,200011
2054,200003
2055,200001
2056,200026
2057,200011
2058,200009
2059,200022
2060,200010
2061,200014
2062,200003
2063,200022
2064,200013
2065,200005
2066,200021
2067,200019
2068,200017
2069,200002
2070,200025
2071,200013
2072,200009
2073,200017
2074,200019
2075,200013
2076,200023
2077,200023
2078,200018
2079,200001
2080,200002
2081,200009
2082,200024
2083,200006
2084,200013
2085,200010
2086,200024
2087,200013
2088,200022
2089,200021
2090,200012
2091,200009
2092,200025
2093,200009
2094,200010
2095,200003
2096,200018
2097,200024
2098,200017
2099,200012
2100,200012
2101,200025
2102,200012
2103,200022
2104,200003
2105,200010
2106,200022
2107,200028
2108,200022
2109,200007
2110,200027
2111,200001
2112,200019
2113,200013
2114,200015
2115,200005
2116,200024
2117,200008
2118,200020
2119,200001
2120,200011
2121,200010
2122,200021
2123,200021
2124,200013
2125,200026
2126,200019
2127,200012
2128,200027
2129,200027
2130,200009
2131,200028
2132,200024
2133,200013
2134,200024
2135,200024
2136,200013
2137,200004
2138,200028
2139,200016
2140,200025
2141,200013
2142,200022
2143,200014
2144,200022
2145,200026
2146,200024
2147,200012
2148,200010
2149,200007
2150,200010
2151,200008
2152,200025
2153,200006
2154,200013
2155,200012
2156,200015
2157,200018
2158,200004
2159,200027
2160,200021
2161,200022
2162,200007
2163,200016
2164,200020
2165,200015
2166,200018
2167,200023
2168,200016
2169,200002
2170,200025
2171,200014
2172,200001
2173,200024
2174,200001
2175,200009
2176,200028
2177,200004
2178,200011
2179,200003
2180,200005
2181,200011
2182,200019
2183,200025
2184,200005
2185,200025
2186,200005
2187,200024
2188,200012
2189,200008
2190,200028
2191,200013
2192,200013
2193,200019
2194,200003
2195,200016
2196,200025
2197,200006
2198,200014
2199,200001
2200,200007
2201,200022
2202,200024
2203,200011
2204,200026
2205,200014
2206,200022
2207,200021
2208,200018
2209,200023
2210,200005
2211,200013
2212,200025
2213,200023
2214,200006
2215,200002
2216,200016
2217,200001
2218,200015
2219,200018
2220,200013
2221,200016
2222,200004
2223,200023
2224,200012
2225,200011
2226,200019
2227,200024
2228,200014
2229,200027
2230,200022
2231,200022
2232,200027
2233,200005
2234,200011
2235,200011
2236,200016
2237,200024
2238,200024
2239,200010
2240,200018
2241,200014
2242,200018
2243,200006
2244,200023
2245,200001
2246,200020
2247,200021
2248,200021
2249,200027
2250,200016
2251,200013
2252,200004
2253,200009
2254,200011
2255,200016
2256,200002
2257,200027
2258,200005
2259,200017
2260,200002
2261,200027
2262,200010
2263,200006
2264,200012
2265,200026
2266,200024
2267,200027
2268,200016
2269,200014
2270,200027
2271,200008
2272,200013
2273,200015
2274,200011
2275,200007
2276,200012
2277,200005
2278,200013
2279,200003
2280,200011
2281,200024
2282,200003
2283,200006
2284,200010
2285,200015
2286,200024
2287,200024
2288,200027
2289,200018
2290,200019
2291,200016
2292,200002
2293,200009
2294,200011
2295,200028
2296,200007
2297,200010
2298,200005
2299,200008
2300,200028
2301,200013
2302,200012
2303,200021
2304,200017
2305,200020
2306,200008
2307,200004
2308,200018
2309,200013
2310,200014
2311,200015
2312,200010
2313,200027
2314,200005
2315,200003
2316,200007
2317,200004
2318,200027
2319,200008
2320,200019
2321,200027
2322,200005
2323,200008
2324,200017
2325,200007
2326,200015
2327,200024
2328,200017
2329,200012
2330,200014
2331,200026
2332,200007
2333,200028
2334,200010
2335,200008
2336,200027
2337,200001
2338,200008
2339,200002
2340,200004
2341,200008
2342,200009
2343,200007
2344,200022
2345,200027
2346,200015
2347,200005
2348,200027
2349,200009
2350,200025
2351,200013
2352,200003
2353,200016
2354,200028
2355,200005
2356,200002
2357,200004
2358,200008
2359,200021
2360,200015
2361,200008
2362,200014
2363,200028
2364,200017
2365,200018
2366,200025
2367,200014
2368,200017
2369,200015
2370,200016
2371,200006
2372,200008
2373,200001
2374,200023
2375,200025
2376,200027
2377,200017
2378,200027
2379,200006
2380,200014
2381,200001
2382,200027
2383,200015
2384,200008
2385,200024
2386,200021
2387,200020
2388,200013
2389,200008
2390,200001
2391,200006
2392,200010
2393,200025
2394,200025
2395,200001
2396,200018
2397,200011
2398,200025
2399,200025
2400,200020
2401,200016
2402,200015
2403,200025
2404,200016
2405,200022
2406,200002
2407,200021
2408,200002
2409,200023
2410,200001
2411,200011
2412,200007
2413,200028
2414,200022
2415,200028
2416,200008
2417,200002
2418,200007
2419,200016
2420,200022
2421,200024
2422,200002
2423,200025
2424,200007
2425,200028
2426,200025
2427,200024
2428,200016
2429,200004
2430,200013
2431,200015
2432,200015
2433,200014
2434,200026
2435,200019
2436,200018
2437,200015
2438,200001
2439,200013
2440,200021
2441,200001
2442,200026
2443,200004
2444,200022
2445,200008
2446,200021
2447,200013
2448,200001
2449,200011
2450,200021
2451,200002
2452,200026
2453,200012
2454,200019
2455,200005
2456,200019
2457,200028
2458,200017
2459,200017
2460,200002
2461,200021
2462,200023
2463,200025
2464,200013
2465,200012
2466,200010
2467,200020
2468,200015
2469,200006
2470,200023
2471,200017
2472,200019
2473,200015
2474,200019
2475,200001
2476,200017
2477,200014
2478,200024
2479,200004
2480,200002
2481,200014
2482,200006
2483,200016
2484,200020
2485,200025
2486,200018
2487,200021
2488,200008
2489,200018
2490,200010
2491,200013
2492,200018
2493,200009
2494,200022
2495,200003
2496,200021
2497,200024
2498,200010
2499,200011
2500,200014
2501,200020
2502,200016
2503,200028
2504,200009
2505,200002
2506,200022
2507,200022
2508,200005
2509,200001
2510,200013
2511,200008
2512,200001
2513,200002
2514,200028
2515,200019
2516,200010
2517,200019
2518,200004
2519,200023
2520,200026
2521,200003
2522,200025
2523,200025
2524,200016
2525,200005
2526,200015
2527,200022
2528,200013
2529,200019
2530,200019
2531,200022
2532,200007
2533,200012
2534,200027
2535,200025
2536,200009
2537,200007
2538,200002
2539,200013
2540,200024
2541,200022
2542,200012
2543,200024
2544,200011
2545,200012
2546,200005
2547,200019
2548,200010
2549,200008
2550,200021
2551,200017
2552,200028
2553,200014
2554,200013
2555,200020
2556,200006
2557,200012
2558,200026
2559,200014
2560,200021
2561,200016
2562,200004
2563,200018
2564,200014
2565,200025
2566,200007
2567,200021
2568,200014
2569,200005
2570,200021
2571,200007
2572,200020
2573,200013
2574,200015
2575,200008
2576,200009
2577,200003
2578,200022
2579,200028
2580,200003
2581,200023
2582,200010
2583,200006
2584,200007
2585,200027
2586,200021
2587,200007
2588,200016
2589,200010
2590,200008
2591,200005
2592,200028
2593,200012
2594,200013
2595,200012
2596,200002
2597,200027
2598,200013
2599,200011
2600,200027
2601,200010
2602,200021
2603,200014
2604,200001
2605,200016
2606,200014
2607,200013
2608,200002
2609,200006
2610,200010
2611,200013
2612,200017
2613,200023
2614,200018
2615,200012
2616,200025
2617,200021
2618,200019
2619,200002
2620,200015
2621,200007
2622,200016
2623,200001
2624,200010
2625,200014
2626,200010
2627,200001
2628,200023
2629,200015
2630,200010
2631,200009
2632,200017
2633,200018
2634,200024
2635,200012
2636,200026
2637,200023
2638,200006
2639,200019
2640,200011
2641,200016
2642,200015
2643,200011
2644,200017
2645,200015
2646,200005
2647,200012
2648,200020
2649,200017
2650,200001
2651,200020
2652,200028
2653,200028
2654,200022
2655,200004
2656,200018
2657,200012
2658,200003
2659,200004
2660,200018
2661,200023
2662,200004
2663,200009
2664,200018
2665,200020
2666,200010
2667,200004
2668,200025
2669,200005
2670,200012
2671,200018
2672,200024
2673,200022
2674,200008
2675,200015
2676,200017
2677,200025
2678,200016
2679,200006
2680,200010
2681,200001
2682,200004
2683,200026
2684,200001
2685,200010
2686,200005
2687,200022
2688,200011
2689,200004
2690,200009
2691,200021
2692,200012
2693,200013
2694,200016
2695,200014
2696,200022
2697,200015
2698,200025
2699,200010
2700,200010
2701,200004
2702,200017
2703,200001
2704,200013
2705,200005
2706,200002
2707,200020
2708,200009
2709,200019
2710,200026
2711,200018
2712,200004
2713,200003
2714,200011
2715,200018
2716,200016
2717,200020
2718,200025
2719,200013
2720,200014
2721,200025
2722,200005
2723,200008
2724,200007
2725,200017
2726,200021
2727,200020
2728,200021
2729,200002
2730,200021
2731,200025
2732,200028
2733,200015
2734,200005
2735,200005
2736,200011
2737,200026
2738,200023
2739,200004
2740,200011
2741,200001
2742,200010
2743,200006
2744,200003
2745,200024
2746,200003
2747,200014
2748,200004
2749,200005
2750,200016
2751,200005
2752,200008
2753,200007
2754,200004
2755,200001
2756,200016
2757,200020
2758,200010
2759,200003
2760,200001
2761,200021
2762,200014
2763,200027
2764,200014
2765,200006
2766,200025
2767,200026
2768,200001
2769,200009
2770,200025
2771,200027
2772,200019
2773,200012
2774,200021
2775,200007
2776,200025
2777,200014
2778,200007
2779,200014
2780,200002
2781,200010
2782,200019
2783,200009
2784,200006
2785,200005
2786,200025
2787,200007
2788,200025
2789,200028
2790,200004
2791,200027
2792,200013
2793,200015
2794,200013
2795,200008
2796,200001
2797,200001
2798,200016
2799,200025
2800,200020
2801,200006
2802,200009
2803,200022
2804,200007
2805,200026
2806,200004
2807,200008
2808,200024
2809,200002
2810,200011
2811,200023
2812,200021
2813,200023
2814,200024
2815,200006
2816,200008
2817,200010
2818,200011
2819,200028
2820,200017
2821,200007
2822,200004
2823,200021
2824,200016
2825,200006
2826,200008
2827,200026
2828,200015
2829,200025
2830,200009
2831,200023
2832,200015
2833,200016
2834,200016
2835,200023
2836,200025
2837,200005
2838,200003
2839,200026
2840,200019
2841,200009
2842,200004
2843,200004
2844,200017
2845,200019
2846,200004
2847,200023
2848,200028
2849,200021
2850,200022
2851,200010
2852,200024
2853,200002
2854,200012
2855,200002
2856,200018
2857,200007
2858,200007
2859,200010
2860,200024
2861,200001
2862,200004
2863,200013
2864,200014
2865,200012
2866,200002
2867,200021
2868,200013
2869,200014
2870,200003
2871,200007
2872,200010
2873,200020
2874,200013
2875,200006
2876,200005
2877,200018
2878,200010
2879,200017
2880,200015
2881,200025
2882,200005
2883,200024
2884,200013
2885,200008
2886,200018
2887,200028
2888,200021
2889,200018
2890,200010
2891,200007
2892,200013
2893,200025
2894,200022
2895,200006
2896,200021
2897,200008
2898,200010
2899,200026
2900,200017
2901,200014
2902,200021
2903,200020
2904,200028
2905,200009
2906,200027
2907,200011
2908,200009
2909,200002
2910,200019
2911,200023
2912,200011
2913,200004
2914,200014
2915,200026
2916,200027
2917,200023
2918,200015
2919,200013
2920,200022
2921,200013
2922,200010
2923,200002
2924,200009
2925,200017
2926,200001
2927,200022
2928,200013
2929,200021
2930,200018
2931,200015
2932,200007
2933,200002
2934,200008
2935,200012
2936,200004
2937,200014
2938,200001
2939,200019
2940,200015
2941,200014
2942,200001
2943,200012
2944,200005
2945,200013
2946,200028
2947,200024
2948,200016
2949,200015
2950,200021
2951,200022
2952,200014
2953,200015
2954,200008
2955,200018
2956,200003
2957,200026
2958,200005
2959,200028
2960,200005
2961,200017
2962,200007
2963,200022
2964,200025
2965,200002
2966,200005
2967,200013
2968,200008
2969,200004
2970,200022
2971,200015
2972,200013
2973,200011
2974,200011
2975,200006
2976,200004
2977,200006
2978,200011
2979,200007
2980,200011
2981,200002
2982,200027
2983,200006
2984,200005
2985,200011
2986,200024
2987,200022
2988,200028
2989,200012
2990,200010
2991,200014
2992,200028
2993,200026
2994,200009
2995,200018
2996,200010
2997,200004
2998,200028
2999,200025
3000,200005
3001,200019
3002,200010
3003,200020
3004,200009
3005,200013
3006,200017
3007,200001
3008,200019
3009,200007
3010,200025
3011,200017
3012,200019
3013,200014
3014,200023
3015,200022
3016,200017
3017,200011
3018,200013
3019,200025
3020,200006
3021,200023
3022,200006
3023,200023
3024,200017
3025,200027
3026,200005
3027,200027
3028,200010
3029,200007
3030,200016
3031,200019
3032,200024
3033,200017
3034,200011
3035,200003
3036,200004
3037,200023
3038,200017
3039,200013
3040,200021
3041,200021
3042,200002
3043,200019
3044,200028
3045,200005
3046,200025
3047,200019
3048,200011
3049,200012
3050,200021
3051,200019
3052,200023
3053,200027
3054,200024
3055,200019
3056,200001
3057,200013
3058,200007
3059,200018
3060,200009
3061,200021
3062,200012
3063,200026
3064,200004
3065,200022
3066,200005
3067,200026
3068,200008
3069,200027
3070,200002
3071,200022
3072,200010
3073,200004
3074,200009
3075,200027
3076,200007
3077,200012
3078,200003
3079,200007
3080,200012
3081,200001
3082,200013
3083,200020
3084,200009
3085,200012
3086,200019
3087,200008
3088,200024
3089,200022
3090,200010
3091,200007
3092,200019
3093,200006
3094,200027
3095,200022
3096,200008
3097,200008
3098,200027
3099,200016
3100,200001
3101,200026
3102,200020
3103,200005
3104,200014
3105,200009
3106,200019
3107,200002
3108,200001
3109,200019
3110,200008
3111,200005
3112,200001
3113,200010
3114,200008
3115,200025
3116,200015
3117,200001
3118,200023
3119,200024
3120,200022
3121,200013
3122,200007
3123,200001
3124,200003
3125,200027
3126,200016
3127,200020
3128,200021
3129,200005
3130,200003
3131,200006
3132,200007
3133,200025
3134,200009
3135,200016
3136,200012
3137,200027
3138,200011
3139,200007
3140,200002
3141,200006
3142,200008
3143,200008
3144,200017
3145,200027
3146,200015
3147,200019
3148,200014
3149,200019
3150,200018
3151,200019
3152,200005
3153,200023
3154,200011
3155,200013
3156,200018
3157,200015
3158,200023
3159,200008
3160,200018
3161,200023
3162,200024
3163,200013
3164,200026
3165,200015
3166,200007
3167,200010
3168,200018
3169,200020
3170,200025
3171,200002
3172,200022
3173,200020
3174,200016
3175,200020
3176,200005
3177,200012
3178,200022
3179,200018
3180,200015
3181,200001
3182,200008
3183,200016
3184,200006
3185,200015
3186,200013
3187,200016
3188,200014
3189,200018
3190,200015
3191,200026
3192,200026
3193,200013
3194,200001
3195,200004
3196,200001
3197,200026
3198,200028
3199,200023
3200,200021
3201,200017
3202,200012
3203,200020
3204,200012
3205,200007
3206,200020
3207,200003
3208,200020
3209,200024
3210,200014
3211,200014
3212,200028
3213,200003
3214,200013
3215,200009
3216,200026
3217,200013
3218,200019
3219,200013
3220,200011
3221,200011
3222,200013
3223,200018
3224,200006
3225,200004
3226,200008
3227,200009
3228,200015
3229,200024
3230,200026
3231,200020
3232,200025
3233,200021
3234,200023
3235,200002
3236,200021
3237,200013
3238,200014
3239,200025
3240,200027
3241,200023
3242,200021
3243,200025
3244,200018
3245,200004
3246,200025
3247,200022
3248,200021
3249,200007
3250,200004
3251,200012
3252,200004
3253,200018
3254,200024
3255,200008
3256,200002
3257,200014
3258,200022
3259,200005
3260,200011
3261,200014
3262,200001
3263,200019
3264,200005
3265,200004
3266,200009
3267,200020
3268,200005
3269,200028
3270,200011
3271,200018
3272,200018
3273,200011
3274,200025
3275,200021
3276,200005
3277,200026
3278,200028
3279,200009
3280,200009
3281,200004
3282,200025
3283,200026
3284,200020
3285,200012
3286,200007
3287,200017
3288,200004
3289,200015
3290,200004
3291,200016
3292,200028
3293,200001
3294,200001
3295,200008
3296,200005
3297,200028
3298,200002
3299,200006
3300,200005
3301,200021
3302,200012
3303,200020
3304,200007
3305,200005
3306,200013
3307,200009
3308,200004
3309,200012
3310,200001
3311,200003
3312,200012
3313,200005
3314,200011
3315,200001
3316,200015
3317,200026
3318,200006
3319,200014
3320,200023
3321,200021
3322,200017
3323,200010
3324,200024
3325,200005
3326,200023
3327,200018
3328,200021
3329,200002
3330,200017
3331,200005
3332,200017
3333,200006
3334,200010
3335,200010
3336,200012
3337,200022
3338,200024
3339,200022
3340,200006
3341,200023
3342,200008
3343,200014
3344,200009
3345,200006
3346,200023
3347,200002
3348,200019
3349,200009
3350,200003
3351,200028
3352,200015
3353,200013
3354,200002
3355,200008
3356,200021
3357,200025
3358,200024
3359,200028
3360,200021
3361,200026
3362,200002
3363,200014
3364,200010
3365,200022
3366,200007
3367,200009
3368,200021
3369,200008
3370,200019
3371,200021
3372,200008
3373,200028
3374,200025
3375,200011
3376,200006
3377,200014
3378,200011
3379,200001
3380,200008
3381,200015
3382,200022
3383,200002
3384,200020
3385,200022
3386,200001
3387,200022
3388,200008
3389,200001
3390,200023
3391,200022
3392,200008
3393,200021
3394,200028
3395,200028
3396,200010
3397,200028
3398,200010
3399,200026
3400,200027
3401,200013
3402,200019
3403,200005
3404,200006
3405,200012
3406,200007
3407,200013
3408,200020
3409,200023
3410,200009
3411,200017
3412,200007
3413,200003
3414,200003
3415,200013
3416,200027
3417,200017
3418,200027
3419,200004
3420,200002
3421,200005
3422,200002
3423,200013
3424,200006
3425,200018
3426,200010
3427,200006
3428,200009
3429,200025
3430,200025
3431,200013
3432,200001
3433,200028
3434,200025
3435,200020
3436,200018
3437,200026
3438,200010
3439,200024
3440,200008
3441,200028
3442,200018
3443,200014
3444,200027
3445,200018
3446,200019
3447,200003
3448,200022
3449,200018
3450,200016
3451,200027
3452,200020
3453,200010
3454,200003
3455,200028
3456,200009
3457,200026
3458,200015
3459,200025
3460,200013
3461,200017
3462,200002
3463,200019
3464,200023
3465,200007
3466,200028
3467,200023
3468,200020
3469,200006
3470,200023
3471,200015
3472,200017
3473,200013
3474,200004
3475,200007
3476,200015
3477,200016
3478,200022
3479,200008
3480,200015
3481,200003
3482,200012
3483,200014
3484,200001
3485,200022
3486,200015
3487,200020
3488,200015
3489,200015
3490,200026
3491,200016
3492,200006
3493,200006
3494,200019
3495,200026
3496,200013
3497,200028
3498,200006
3499,200022
3500,200020
3501,200017
3502,200001
3503,200010
3504,200013
3505,200004
3506,200022
3507,200009
3508,200024
3509,200026
3510,200024
3511,200009
3512,200007
3513,200028
3514,200013
3515,200003
3516,200020
3517,200011
3518,200020
3519,200013
3520,200027
3521,200023
3522,200013
3523,200014
3524,200020
3525,200015
3526,200010
3527,200022
3528,200022
3529,200028
3530,200004
3531,200018
3532,200025
3533,200012
3534,200004
3535,200014
3536,200005
3537,200020
3538,200004
3539,200021
3540,200009
3541,200001
3542,200026
3543,200021
3544,200009
3545,200024
3546,200019
3547,200025
3548,200008
3549,200024
3550,200025
3551,200026
3552,200002
3553,200015
3554,200006
3555,200002
3556,200005
3557,200012
3558,200001
3559,200004
3560,200011
3561,200024
3562,200025
3563,200025
3564,200001
3565,200025
3566,200006
3567,200018
3568,200011
3569,200020
3570,200015
3571,200011
3572,200025
3573,200022
3574,200007
3575,200027
3576,200022
3577,200001
3578,200006
3579,200006
3580,200002
3581,200007
3582,200004
3583,200003
3584,200010
3585,200012
3586,200001
3587,200011
3588,200008
3589,200014
3590,200013
3591,200028
3592,200018
3593,200011
3594,200023
3595,200014
3596,200001
3597,200021
3598,200022
3599,200024
3600,200016
3601,200013
3602,200017
3603,200013
3604,200010
3605,200028
3606,200023
3607,200003
3608,200016
3609,200008
3610,200026
3611,200012
3612,200013
3613,200020
3614,200020
3615,200005
3616,200015
3617,200008
3618,200005
3619,200014
3620,200013
3621,200011
3622,200027
3623,200004
3624,200020
3625,200014
3626,200011
3627,200005
3628,200027
3629,200015
3630,200025
3631,200015
3632,200011
3633,200013
3634,200026
3635,200006
3636,200014
3637,200020
3638,200007
3639,200018
3640,200014
3641,200022
3642,200005
3643,200010
3644,200008
3645,200018
3646,200022
3647,200011
3648,200002
3649,200014
3650,200015
3651,200026
3652,200014
3653,200027
3654,200007
3655,200014
3656,200024
3657,200016
3658,200028
3659,200003
3660,200008
3661,200010
3662,200010
3663,200011
3664,200026
3665,200004
3666,200018
3667,200024
3668,200002
3669,200026
3670,200020
3671,200025
3672,200021
3673,200017
3674,200008
3675,200006
3676,200014
3677,200025
3678,200018
3679,200019
3680,200018
3681,200006
3682,200006
3683,200015
3684,200007
3685,200002
3686,200015
3687,200001
3688,200001
3689,200020
3690,200027
3691,200001
3692,200026
3693,200028
3694,200023
3695,200015
3696,200021
3697,200007
3698,200013
3699,200016
3700,200024
3701,200004
3702,200014
3703,200011
3704,200018
3705,200010
3706,200007
3707,200009
3708,200012
3709,200025
3710,200006
3711,200017
3712,200001
3713,200025
3714,200010
3715,200023
3716,200026
3717,200002
3718,200004
3719,200017
3720,200018
3721,200005
3722,200013
3723,200001
3724,200017
3725,200025
3726,200006
3727,200011
3728,200013
3729,200012
3730,200018
3731,200020
3732,200002
3733,200005
3734,200009
3735,200005
3736,200019
3737,200020
3738,200018
3739,200025
3740,200001
3741,200008
3742,200006
3743,200022
3744,200008
3745,200017
3746,200003
3747,200016
3748,200024
3749,200007
3750,200027
3751,200005
3752,200019
3753,200014
3754,200011
3755,200012
3756,200011
3757,200005
3758,200004
3759,200004
3760,200007
3761,200025
3762,200010
3763,200011
3764,200006
3765,200023
3766,200001
3767,200001
3768,200015
3769,200018
3770,200002
3771,200028
3772,200009
3773,200008
3774,200014
3775,200006
3776,200007
3777,200009
3778,200017
3779,200003
3780,200002
3781,200016
3782,200023
3783,200016
3784,200007
3785,200023
3786,200022
3787,200023
3788,200011
3789,200021
3790,200009
3791,200001
3792,200025
3793,200005
3794,200014
3795,200006
3796,200006
3797,200020
3798,200023
3799,200023
3800,200012
3801,200004
3802,200023
3803,200014
3804,200002
3805,200026
3806,200015
3807,200009
3808,200020
3809,200008
3810,200005
3811,200011
3812,200026
3813,200011
3814,200025
3815,200024
3816,200008
3817,200011
3818,200009
3819,200021
3820,200010
3821,200015
3822,200025
3823,200026
3824,200023
3825,200005
3826,200021
3827,200005
3828,200025
3829,200020
3830,200018
3831,200008
3832,200017
3833,200011
3834,200006
3835,200018
3836,200019
3837,200025
3838,200019
3839,200006
3840,200001
3841,200008
3842,200007
3843,200011
3844,200027
3845,200025
3846,200001
3847,200012
3848,200011
3849,200018
3850,200025
3851,200003
3852,200002
3853,200002
3854,200006
3855,200005
3856,200021
3857,200003
3858,200007
3859,200024
3860,200007
3861,200019
3862,200004
3863,200012
3864,200014
3865,200017
3866,200028
3867,200027
3868,200018
3869,200007
3870,200016
3871,200015
3872,200020
3873,200021
3874,200012
3875,200026
3876,200004
3877,200007
3878,200005
3879,200021
3880,200010
3881,200024
3882,200021
3883,200003
3884,200026
3885,200024
3886,200001
3887,200004
3888,200010
3889,200018
3890,200022
3891,200021
3892,200017
3893,200001
3894,200014
3895,200009
3896,200007
3897,200008
3898,200028
3899,200013
3900,200024
3901,200001
3902,200024
3903,200015
3904,200019
3905,200022
3906,200025
3907,200017
3908,200014
3909,200016
3910,200019
3911,200001
3912,200023
3913,200008
3914,200011
3915,200010
3916,200021
3917,200026
3918,200017
3919,200005
3920,200001
3921,200018
3922,200019
3923,200021
3924,200010
3925,200017
3926,200011
3927,200028
3928,200015
3929,200024
3930,200004
3931,200022
3932,200004
3933,200028
3934,200010
3935,200016
3936,200004
3937,200017
3938,200017
3939,200027
3940,200014
3941,200010
3942,200023
3943,200015
3944,200008
3945,200014
3946,200020
3947,200009
3948,200028
3949,200019
3950,200018
3951,200020
3952,200022
3953,200004
3954,200027
3955,200014
3956,200003
3957,200028
3958,200003
3959,200017
3960,200002
3961,200028
3962,200005
3963,200024
3964,200022
3965,200001
3966,200019
3967,200005
3968,200003
3969,200016
3970,200014
3971,200025
3972,200027
3973,200010
3974,200020
3975,200027
3976,200022
3977,200021
3978,200010
3979,200008
3980,200021
3981,200021
3982,200022
3983,200004
3984,200021
3985,200028
3986,200021
3987,200023
3988,200002
3989,200017
3990,200011
3991,200002
3992,200012
3993,200002
3994,200028
3995,200007
3996,200024
3997,200020
3998,200015
3999,200027
4000,200020
4001,200017
4002,200023
4003,200027
4004,200021
4005,200008
4006,200018
4007,200013
4008,200023
4009,200022
4010,200009
4011,200009
4012,200024
4013,200007
4014,200021
4015,200004
4016,200013
4017,200017
4018,200008
4019,200021
4020,200003
4021,200011
4022,200020
4023,200005
4024,200005
4025,200009
4026,200004
4027,200005
4028,200026
4029,200015
4030,200007
4031,200015
4032,200002
4033,200004
4034,200027
4035,200007
4036,200021
4037,200003
4038,200020
4039,200021
4040,200009
4041,200017
4042,200006
4043,200026
4044,200014
4045,200008
4046,200007
4047,200026
4048,200024
4049,200007
4050,200022
4051,200001
4052,200013
4053,200016
4054,200004
4055,200026
4056,200024
4057,200019
4058,200008
4059,200005
4060,200011
4061,200007
4062,200019
4063,200009
4064,200026
4065,200006
4066,200020
4067,200016
4068,200003
4069,200028
4070,200001
4071,200016
4072,200009
4073,200006
4074,200008
4075,200003
4076,200005
4077,200014
4078,200010
4079,200019
4080,200007
4081,200017
4082,200004
4083,200006
4084,200007
4085,200002
4086,200009
4087,200009
4088,200018
4089,200019
4090,200020
4091,200015
4092,200028
4093,200015
4094,200005
4095,200016
4096,200004
4097,200010
4098,200022
4099,200012
4100,200025
4101,200006
4102,200008
4103,200010
4104,200020
4105,200025
4106,200006
4107,200006
4108,200002
4109,200022
4110,200012
4111,200020
4112,200016
4113,200015
4114,200027
4115,200024
4116,200023
4117,200026
4118,200022
4119,200003
4120,200012
4121,200016
4122,200017
4123,200016
4124,200019
4125,200013
4126,200013
4127,200005
4128,200027
4129,200014
4130,200012
4131,200010
4132,200025
4133,200020
4134,200022
4135,200022
4136,200021
4137,200012
4138,200001
4139,200020
4140,200007
4141,200015
4142,200025
4143,200016
4144,200009
4145,200011
4146,200026
4147,200011
4148,200006
4149,200028
4150,200018
4151,200014
4152,200027
4153,200011
4154,200023
4155,200014
4156,200014
4157,200002
4158,200022
4159,200014
4160,200023
4161,200003
4162,200008
4163,200012
4164,200017
4165,200019
4166,200025
4167,200028
4168,200023
4169,200001
4170,200019
4171,200006
4172,200025
4173,200010
4174,200023
4175,200009
4176,200026
4177,200012
4178,200003
4179,200016
4180,200023
4181,200002
4182,200023
4183,200009
4184,200005
4185,200013
4186,200020
4187,200003
4188,200011
4189,200015
4190,200008
4191,200012
4192,200014
4193,200019
4194,200021
4195,200001
4196,200005
4197,200008
4198,200015
4199,200005
4200,200019
4201,200028
4202,200020
4203,200019
4204,200006
4205,200010
4206,200022
4207,200028
4208,200017
4209,200027
4210,200002
4211,200008
4212,200013
4213,200011
4214,200028
4215,200005
4216,200011
4217,200001
4218,200009
4219,200003
4220,200016
4221,200003
4222,200022
4223,200013
4224,200009
4225,200008
4226,200022
4227,200014
4228,200022
4229,200024
4230,200025
4231,200008
4232,200023
4233,200008
4234,200026
4235,200022
4236,200017
4237,200027
4238,200023
4239,200002
4240,200010
4241,200018
4242,200007
4243,200004
4244,200014
4245,200011
4246,200003
4247,200027
4248,200016
4249,200017
4250,200005
4251,200012
4252,200026
4253,200015
4254,200011
4255,200012
4256,200022
4257,200010
4258,200003
4259,200016
4260,200010
4261,200025
4262,200016
4263,200010
4264,200010
4265,200013
4266,200022
4267,200009
4268,200013
4269,200003
4270,200010
4271,200022
4272,200025
4273,200001
4274,200014
4275,200013
4276,200022
4277,200025
4278,200013
4279,200017
4280,200010
4281,200016
4282,200015
4283,200018
4284,200019
4285,200004
4286,200027
4287,200019
4288,200025
4289,200021
4290,200022
4291,200001
4292,200019
4293,200003
4294,200001
4295,200020
4296,200023
4297,200006
4298,200013
4299,200007
4300,200010
4301,200019
4302,200019
4303,200017
4304,200003
4305,200025
4306,200007
4307,200026
4308,200027
4309,200002
4310,200009
4311,200020
4312,200026
4313,200004
4314,200006
4315,200012
4316,200008
4317,200016
4318,200019
4319,200015
4320,200016
4321,200025
4322,200009
4323,200002
4324,200009
4325,200001
4326,200007
4327,200021
4328,200001
4329,200023
4330,200001
4331,200027
4332,200022
4333,200015
4334,200006
4335,200003
4336,200022
4337,200012
4338,200024
4339,200025
4340,200025
4341,200021
4342,200014
4343,200001
4344,200026
4345,200012
4346,200027
4347,200013
4348,200008
4349,200022
4350,200009
4351,200013
4352,200001
4353,200019
4354,200007
4355,200024
4356,200001
4357,200003
4358,200024
4359,200011
4360,200013
4361,200014
4362,200005
4363,200019
4364,200027
4365,200006
4366,200026
4367,200016
4368,200018
4369,200028
4370,200024
4371,200026
4372,200001
4373,200001
4374,200006
4375,200008
4376,200018
4377,200004
4378,200011
4379,200023
4380,200015
4381,200004
4382,200019
4383,200021
4384,200020
4385,200009
4386,200026
4387,200008
4388,200013
4389,200014
4390,200016
4391,200028
4392,200009
4393,200017
4394,200028
4395,200015
4396,200002
4397,200003
4398,200017
4399,200003
4400,200002
4401,200002
4402,200006
4403,200001
4404,200021
4405,200024
4406,200004
4407,200025
4408,200027
4409,200001
4410,200021
4411,200024
4412,200002
4413,200001
4414,200016
4415,200018
4416,200018
4417,200025
4418,200007
4419,200020
4420,200028
4421,200003
4422,200027
4423,200021
4424,200006
4425,200008
4426,200028
4427,200014
4428,200015
4429,200002
4430,200023
4431,200013
4432,200007
4433,200023
4434,200004
4435,200028
4436,200005
4437,200024
4438,200012
4439,200004
4440,200005
4441,200021
4442,200007
4443,200016
4444,200028
4445,200018
4446,200001
4447,200001
4448,200011
4449,200015
4450,200016
4451,200003
4452,200011
4453,200001
4454,200006
4455,200004
4456,200013
4457,200016
4458,200004
4459,200011
4460,200025
4461,200006
4462,200005
4463,200020
4464,200016
4465,200012
4466,200009
4467,200012
4468,200027
4469,200012
4470,200018
4471,200021
4472,200009
4473,200014
4474,200019
4475,200014
4476,200002
4477,200016
4478,200023
4479,200018
4480,200010
4481,200008
4482,200024
4483,200022
4484,200014
4485,200018
4486,200022
4487,200010
4488,200004
4489,200023
4490,200026
4491,200028
4492,200002
4493,200023
4494,200009
4495,200004
4496,200015
4497,200025
4498,200026
4499,200014
4500,200006
4501,200016
4502,200015
4503,200016
4504,200019
4505,200010
4506,200015
4507,200009
4508,200020
4509,200001
4510,200001
4511,200006
4512,200012
4513,200023
4514,200020
4515,200014
4516,200017
4517,200007
4518,200015
4519,200019
4520,200023
4521,200009
4522,200014
4523,200027
4524,200005
4525,200007
4526,200027
4527,200022
4528,200011
4529,200007
4530,200014
4531,200014
4532,200017
4533,200015
4534,200022
4535,200004
4536,200020
4537,200012
4538,200023
4539,200021
4540,200021
4541,200016
4542,200012
4543,200017
4544,200017
4545,200025
4546,200008
4547,200027
4548,200023
4549,200009
4550,200016
4551,200024
4552,200025
4553,200020
4554,200004
4555,200026
4556,200011
4557,200002
4558,200012
4559,200022
4560,200010
4561,200004
4562,200022
4563,200023
4564,200027
4565,200018
4566,200010
4567,200015
4568,200019
4569,200014
4570,200009
4571,200026
4572,200013
4573,200019
4574,200013
4575,200026
4576,200022
4577,200004
4578,200006
4579,200024
4580,200012
4581,200017
4582,200028
4583,200012
4584,200019
4585,200009
4586,200002
4587,200019
4588,200020
4589,200021
4590,200018
4591,200009
4592,200014
4593,200008
4594,200006
4595,200018
4596,200011
4597,200026
4598,200025
4599,200011
4600,200020
4601,200018
4602,200013
4603,200014
4604,200026
4605,200015
4606,200024
4607,200007
4608,200027
4609,200025
4610,200010
4611,200025
4612,200020
4613,200028
4614,200009
4615,200024
4616,200021
4617,200005
4618,200012
4619,200023
4620,200008
4621,200028
4622,200004
4623,200021
4624,200022
4625,200007
4626,200015
4627,200009
4628,200017
4629,200013
4630,200003
4631,200008
4632,200011
4633,200022
4634,200027
4635,200013
4636,200001
4637,200006
4638,200018
4639,200021
4640,200018
4641,200027
4642,200009
4643,200019
4644,200007
4645,200013
4646,200002
4647,200008
4648,200020
4649,200024
4650,200024
4651,200024
4652,200026
4653,200021
4654,200016
4655,200026
4656,200024
4657,200011
4658,200024
4659,200002
4660,200005
4661,200001
4662,200024
4663,200003
4664,200009
4665,200011
4666,200023
4667,200020
4668,200013
4669,200021
4670,200022
4671,200005
4672,200019
4673,200019
4674,200026
4675,200018
4676,200003
4677,200023
4678,200003
4679,200024
4680,200003
4681,200024
4682,200006
4683,200002
4684,200015
4685,200004
4686,200018
4687,200019
4688,200019
4689,200022
4690,200025
4691,200004
4692,200009
4693,200021
4694,200023
4695,200023
4696,200024
4697,200001
4698,200002
4699,200011
4700,200021
4701,200008
4702,200003
4703,200002
4704,200019
4705,200016
4706,200015
4707,200014
4708,200011
4709,200028
4710,200019
4711,200003
4712,200010
4713,200005
4714,200002
4715,200014
4716,200001
4717,200019
4718,200025
4719,200005
4720,200003
4721,200013
4722,200023
4723,200028
4724,200022
4725,200010
4726,200028
4727,200010
4728,200018
4729,200004
4730,200028
4731,200027
4732,200006
4733,200005
4734,200015
4735,200002
4736,200028
4737,200020
4738,200010
4739,200023
4740,200016
4741,200024
4742,200013
4743,200018
4744,200007
4745,200012
4746,200002
4747,200005
4748,200027
4749,200013
4750,200018
4751,200023
4752,200007
4753,200007
4754,200028
4755,200024
4756,200014
4757,200019
4758,200004
4759,200028
4760,200026
4761,200012
4762,200019
4763,200007
4764,200009
4765,200023
4766,200024
4767,200010
4768,200019
4769,200026
4770,200012
4771,200019
4772,200008
4773,200013
4774,200019
4775,200002
4776,200014
4777,200020
4778,200019
4779,200019
4780,200012
4781,200012
4782,200026
4783,200005
4784,200015
4785,200001
4786,200028
4787,200027
4788,200014
4789,200009
4790,200023
4791,200028
4792,200025
4793,200003
4794,200023
4795,200007
4796,200013
4797,200022
4798,200013
4799,200015
4800,200023
4801,200020
4802,200021
4803,200012
4804,200008
4805,200011
4806,200019
4807,200003
4808,200017
4809,200016
4810,200025
4811,200006
4812,200005
4813,200021
4814,200012
4815,200018
4816,200001
4817,200024
4818,200003
4819,200023
4820,200022
4821,200015
4822,200007
4823,200003
4824,200013
4825,200022
4826,200005
4827,200001
4828,200021
4829,200004
4830,200007
4831,200020
4832,200021
4833,200005
4834,200009
4835,200017
4836,200004
4837,200014
4838,200016
4839,200003
4840,200006
4841,200001
4842,200009
4843,200026
4844,200019
4845,200008
4846,200022
4847,200001
4848,200017
4849,200021
4850,200005
4851,200026
4852,200025
4853,200011
4854,200027
4855,200012
4856,200004
4857,200019
4858,200011
4859,200014
4860,200020
4861,200012
4862,200014
4863,200009
4864,200004
4865,200015
4866,200014
4867,200013
4868,200009
4869,200028
4870,200008
4871,200026
4872,200010
4873,200006
4874,200015
4875,200011
4876,200008
4877,200025
4878,200002
4879,200001
4880,200003
4881,200008
4882,200001
4883,200027
4884,200011
4885,200005
4886,200008
4887,200004
4888,200008
4889,200009
4890,200022
4891,200015
4892,200026
4893,200015
4894,200010
4895,200011
4896,200014
4897,200004
4898,200006
4899,200011
4900,200010
4901,200015
4902,200019
4903,200015
4904,200001
4905,200011
4906,200028
4907,200007
4908,200014
4909,200006
4910,200013
4911,200020
4912,200022
4913,200017
4914,200004
4915,200004
4916,200027
4917,200004
4918,200015
4919,200005
4920,200010
4921,200027
4922,200022
4923,200024
4924,200015
4925,200002
4926,200009
4927,200025
4928,200007
4929,200004
4930,200006
4931,200011
4932,200028
4933,200014
4934,200018
4935,200001
4936,200012
4937,200015
4938,200016
4939,200019
4940,200025
4941,200006
4942,200023
4943,200024
4944,200026
4945,200007
4946,200012
4947,200015
4948,200012
4949,200010
4950,200017
4951,200006
4952,200027
4953,200028
4954,200002
4955,200012
4956,200020
4957,200005
4958,200003
4959,200025
4960,200016
4961,200017
4962,200001
4963,200015
4964,200025
4965,200008
4966,200008
4967,200017
4968,200006
4969,200002
4970,200019
4971,200016
4972,200023
4973,200001
4974,200004
4975,200022
4976,200018
4977,200017
4978,200026
4979,200007
4980,200026
4981,200020
4982,200014
4983,200006
4984,200017
4985,200023
4986,200001
4987,200004
4988,200001
4989,200028
4990,200015
4991,200026
4992,200012
4993,200024
4994,200002
4995,200019
4996,200004
4997,200014
4998,200020
4999,200003
5000,200002
5001,200009
5002,200001
5003,200001
5004,200009
5005,200012
5006,200026
5007,200026
5008,200020
5009,200020
5010,200022
5011,200025
5012,200019
5013,200006
5014,200001
5015,200022
5016,200010
5017,200014
5018,200025
5019,200028
5020,200013
5021,200005
5022,200027
5023,200001
5024,200018
5025,200015
5026,200021
5027,200003
5028,200024
5029,200002
5030,200022
5031,200026
5032,200020
5033,200018
5034,200017
5035,200004
5036,200018
5037,200001
5038,200015
5039,200012
5040,200024
5041,200024
5042,200005
5043,200012
5044,200010
5045,200023
5046,200009
5047,200002
5048,200007
5049,200013
5050,200022
5051,200010
5052,200025
5053,200006
5054,200024
5055,200004
5056,200008
5057,200027
5058,200008
5059,200003
5060,200020
5061,200007
5062,200005
5063,200003
5064,200001
5065,200028
5066,200009
5067,200002
5068,200012
5069,200019
5070,200015
5071,200016
5072,200020
5073,200016
5074,200014
5075,200015
5076,200017
5077,200017
5078,200007
5079,200003
5080,200018
5081,200028
5082,200019
5083,200004
5084,200027
5085,200020
5086,200018
5087,200024
5088,200013
5089,200023
5090,200014
5091,200011
5092,200019
5093,200015
5094,200022
5095,200028
5096,200016
5097,200027
5098,200017
5099,200001
5100,200024
5101,200028
5102,200002
5103,200011
5104,200010
5105,200009
5106,200020
5107,200007
5108,200018
5109,200018
5110,200001
5111,200016
5112,200011
5113,200002
5114,200025
5115,200014
5116,200020
5117,200013
5118,200017
5119,200023
5120,200012
5121,200013
5122,200007
5123,200004
5124,200027
5125,200004
5126,200011
5127,200008
5128,200008
5129,200007
5130,200006
5131,200026
5132,200010
5133,200006
5134,200010
5135,200014
5136,200025
5137,200015
5138,200024
5139,200022
5140,200012
5141,200006
5142,200006
5143,200003
5144,200026
5145,200002
5146,200015
5147,200009
5148,200001
5149,200015
5150,200026
5151,200008
5152,200012
5153,200028
5154,200006
5155,200019
5156,200015
5157,200010
5158,200009
5159,200024
5160,200021
5161,200008
5162,200002
5163,200023
5164,200022
5165,200011
5166,200028
5167,200025
5168,200004
5169,200007
5170,200024
5171,200024
5172,200007
5173,200019
5174,200027
5175,200027
5176,200008
5177,200028
5178,200006
5179,200022
5180,200026
5181,200007
5182,200008
5183,200001
5184,200005
5185,200022
5186,200002
5187,200007
5188,200014
5189,200028
5190,200010
5191,200005
5192,200020
5193,200003
5194,200026
5195,200020
5196,200016
5197,200006
5198,200011
5199,200017
5200,200014
5201,200001
5202,200010
5203,200010
5204,200017
5205,200009
5206,200016
5207,200026
5208,200007
5209,200021
5210,200014
5211,200027
5212,200004
5213,200002
5214,200013
5215,200009
5216,200005
5217,200023
5218,200010
5219,200013
5220,200015
5221,200021
5222,200013
5223,200002
5224,200015
5225,200024
5226,200016
5227,200008
5228,200009
5229,200005
5230,200020
5231,200017
5232,200013
5233,200005
5234,200024
5235,200015
5236,200027
5237,200026
5238,200010
5239,200017
5240,200002
5241,200018
5242,200002
5243,200023
5244,200009
5245,200006
5246,200004
5247,200012
5248,200021
5249,200020
5250,200027
5251,200020
5252,200016
5253,200025
5254,200016
5255,200009
5256,200022
5257,200012
5258,200020
5259,200023
5260,200006
5261,200005
5262,200002
5263,200009
5264,200015
5265,200019
5266,200025
5267,200010
5268,200007
5269,200026
5270,200020
5271,200026
5272,200010
5273,200016
5274,200019
5275,200021
5276,200011
5277,200009
5278,200023
5279,200026
5280,200021
5281,200020
5282,200002
5283,200016
5284,200003
5285,200010
5286,200017
5287,200021
5288,200016
5289,200020
5290,200027
5291,200022
5292,200013
5293,200006
5294,200025
5295,200003
5296,200019
5297,200009
5298,200014
5299,200023
5300,200020
5301,200027
5302,200021
5303,200013
5304,200012
5305,200010
5306,200024
5307,200016
5308,200018
5309,200003
5310,200017
5311,200017
5312,200015
5313,200021
5314,200025
5315,200013
5316,200009
5317,200022
5318,200022
5319,200017
5320,200026
5321,200023
5322,200012
5323,200005
5324,200012
5325,200014
5326,200016
5327,200022
5328,200016
5329,200026
5330,200011
5331,200021
5332,200002
5333,200009
5334,200002
5335,200025
5336,200003
5337,200028
5338,200008
5339,200001
5340,200012
5341,200003
5342,200004
5343,200017
5344,200006
5345,200016
5346,200025
5347,200016
5348,200021
5349,200001
5350,200026
5351,200011
5352,200021
5353,200025
5354,200026
5355,200005
5356,200004
5357,200018
5358,200017
5359,200014
5360,200016
5361,200021
5362,200026
5363,200014
5364,200027
5365,200012
5366,200015
5367,200009
5368,200008
5369,200004
5370,200011
